GroupNo,,Name,A,B,C,D,Cluster_ID
999,5,ŒK–{’‰—Y,36,68,76,28,2
999,1,ì“àŒ[”V,36,68,60,44,2
999,13,’Ò”ö ˆÀ•F,52,60,60,36,2
999,34,ˆÉ“Þ ‰Ä‹I,52,60,60,36,2
999,10,ì”g ‰ël,52,52,76,28,2
999,37,ŠŠÔ —¯ˆß,46,52,60,52,2
999,11,Ôª Í‘¾˜Y,44,68,60,36,2
999,4,ˆÉ“c—S‹I,52,44,84,28,2
999,20,¶‰z r“¹,44,68,76,20,2
999,32,‰Á’n ’qŒb,44,76,76,12,2
999,31,’rã ‘×Žq,36,52,92,28,2
999,23,‰Y—Ñ ‹`Žk,28,68,76,36,2
999,27,‹g‹à ½•F,46,60,60,52,2
